Huerta,Litros,Registro,Fecha,Comentario
MATA DE GALLO,100,FERNANDA RETA,2026-09-14,JUAN MOTA
ALMA LUCIA,200,FERNANDA RETA,2026-09-14,CARLOS MOTA
RANCHO NUEVO,150,FERNANDA RETA,2026-09-14,ALVARO IBARRA
PASO LIMON,120,FERNANDA RETA,2026-09-14,MANUEL GAMBOA
MATA DE GALLO,150,FERNANDA RETA,2026-09-14,FRANCISCO HUERTA
ALMA LUCIA,150,FERNANDA RETA,2026-09-15,CARLOS MOTA
GUADALUPE,50,FERNANDA RETA,2026-09-15,JESUS OCHOA
RANCHO NUEVO,150,FERNANDA RETA,2026-09-15,ALVARO IBARRA
MATA DE GALLO,100,FERNANDA RETA,2026-09-16,JUAN MOTA
MATA DE GALLO,100,FERNANDA RETA,2026-09-16,FRANCISCO HUERTA
GUADALUPE,30,FERNANDA RETA,2026-09-16,JESUS OCHOA
MATA CAZUELA,50,FERNANDA RETA,2026-09-17,GUSTAVO MOLINA
PASO LIMON,60,FERNANDA RETA,2026-09-17,NANCY HERNANDEZ
ALMA LUCIA,150,FERNANDA RETA,2026-09-17,CARLOS MOTA
MATA DE GALLO,50,FERNANDA RETA,2026-09-18,MARCOS MOTA
RANCHO NUEVO,150,FERNANDA RETA,2026-09-18,OLGA SOSA
ALMA LUCIA,250,FERNANDA RETA,2026-09-18,CARLOS MOTA
LABORATORIO,150,FERNANDA RETA,2026-09-18,EDGAR BARRADAS
MATA CAZUELA,250,FERNANDA RETA,2026-09-18,CARLOS MOTA
