Unidad,Anio,Marca,Modelo,Color,Placa,Serie,TipoUnidad
AF-688 FREIGHTLINER,2013,FREIGHTLINER,B2 SCHOOL BUS,AMARILLO,24XFA10,4UZABRDT3DCBY3825,Autobus
AF-716 FREIGHTLINER,2013,FREIGHTLINER,B2 SCHOOL BUS,AMARILLO,25XFA11,,Autobus
AF-596-HINO 500,2018,HINO,CHASIS,BLANCO,XF-07-51A,3HJFC6JJ8JSS12789,Camion
AF-637-HINO 300,2023,HINO,616 LONG,BLANCO,YC-0424-A,JHHCCS3H0PK006653,Camion
AF-038-HINO 500,2024,HINO,500J,BLANCO,XR1377B,3HJFC9JJ6RSU11076,Camion
AF-037-HINO 500,2024,HINO,500,BLANCO,XR1376B,3HJFC9JJ8RSU11077,Camion
AF-009-HINO CHASIS,2017,HINO,HILUX CHASIS CABINA,BLANCO,FD-2476-A,JHHACP3H5HK003124,Camion
AF-018-HINO CHASIS,2021,HINO,CHASIS,BLANCO,FF-2578-A,JHHACS3F7MK504933,Camion
AF-048-INTERNACIONAL,1998,INTERNACIONAL,BLANCO,BLANCO,FH-8703-A,IHTSDAALIWH601376,Camion
AF-021-HILUX DC,2022,TOYOTA,HILUX DOBLE CABINA D,BLANCA,PY-5158-A,MR0BA3CD5N0051458,Camioneta
AF-022-HILUX CHASIS,2021,TOYOTA,HILUX CHASIS CABINA,PLATA,XR-4708-A,MR0CX8CB0M0423642,Camioneta
AF-494- FORD 350,2012,FORD,FORD-350,BLANCA,XK-39-07A,1FDEF3G66CEB71564,Camioneta
AF-509 RAM DC,2008,RAM,RAM 2500,ROJO,YA-1501-A,3D7KS28CX8G163684,Camioneta
AF-522-TACOMA DC,2014,TOYOTA,TACOMA,GRIS,YA-1518-A,3TMJU4GNXEM164166,Camioneta
AF-560-TACOMA DC,2015,TOYOTA,TACOMA,GRIS,YA-1516-A,3TMJU4GN5FM189171,Camioneta
AF-564-HILUX DC,2016,TOYOTA,HILUX DOBLE CABINA,BLANCA,YM-1499-A,MR0EX8DD0G0165667,Camioneta
AF-566-HILUX CHASIS,2016,TOYOTA,HILUX CHASIS CABINA,BLANCA,XK-39-02A,MR0EX8CB1G1391789,Camioneta
AF-567-HILUX CHASIS,2016,TOYOTA,HILUX CHASIS CABINA,BLANCA,YA-1515-A,MR0EX8CB5G1391309,Camioneta
AF-580-HILUX CHASIS,2017,TOYOTA,HILUX CHASIS CABINA,BLANCA,YA-15-38A,MR0EX8CB6H1394933,Camioneta
AF-581-HILUX DC,2014,TOYOTA,HILUX DOBLE CABINA,BLANCA,YA-1502-A,MR0EX32G1E0263023,Camioneta
AF-582-HILUX DC,2014,TOYOTA,HILUX DOBLE CABINA,BLANCA,YA-1517-A,MR0EX32G2E0263029,Camioneta
AF-489-HILUX DC,2010,TOYOTA,HILUX DOBLE CABINA,BLANCA,YA-1500-A,8AJEX32G0A4029469,Camioneta
AF-594-HILUX DC,2018,TOYOTA,HILUX DOBLE CABINA,BLANCO,XF-07-74A,MR0EX8DD8J0254698,Camioneta
AF-595-HILUX CHASIS,2018,TOYOTA,HILUX CHASIS CABINA,BLANCO,XF-07-44A,MR0EX8CB9J1399758,Camioneta
AF-617-HILUX CHASIS,2020,TOYOTA,HILUX CHASIS CABINA,BLANCA,XP-88-26A,MR0EX8CB9L1409319,Camioneta
AF-616-HILUX CHASIS,2020,TOYOTA,HILUX CHASIS CABINA,BLANCA,XP-85-36A,MR0EX8CB9L1409420,Camioneta
AF-618-HILUX CHASIS,2020,TOYOTA,HILUX CHASIS CABINA,BLANCA,XN-48-89A,MR0EX8CB9L1409391,Camioneta
AF-619-HILUX CHASIS,2020,TOYOTA,HILUX CHASIS CABINA,BLANCA,XP-85-67A,MR0EX8CB9L1409363,Camioneta
AF-620-HILUX CHASIS,2020,TOYOTA,HILUX CHASIS CABINA,BLANCA,XP-78-63A,MR0EX8CB9L1409472,Camioneta
AF-621-HILUX CHASIS,2020,TOYOTA,HILUX CHASIS CABINA,BLACA,XN-50-56A,MR0EX8CB9L1409059,Camioneta
AF-598-AMAROK DC,2014,VOLKSWAGEN,AMAROK,BLANCA,YA-1850-A,8AWDD42H4EA042374,Camioneta
AF-626-HILUX CHASIS,2021,TOYOTA,HILUX CHASIS CABINA,BLANCA,XX0103A,MR0CX8CB6M0422625,Camioneta
AF-628- HILUX DC,2021,TOYOTA,HILUX DOBLE CABINA D,PLATA,XR4646A,MR0BA3CD7M0046941,Camioneta
AF-629-HILUX DC,2022,TOYOTA,HILUX DOBLE CABINA D,BLANCO,XR5161A,MROBA3CXN0051455,Camioneta
AF-015-HILUX DC,2020,TOYOTA,HILUX DOBLE CABINA,BLANCA,XN-88-98A,MR0CX3DD4M1317787,Camioneta
AF-643-HILUX CHASIS,2022,TOYOTA,HILUX CHASIS CABINA,BLANCO,YB-9447-A,MR0CX8CB8N0428072,Camioneta
AF-644-HILUX CHASIS,2022,TOYOTA,HILUX CHASIS CABINA,BLANCA,YB-9448-A,MR0CX8CB7N0428080,Camioneta
AF-650 RAM 700 DC,2023,RAM,RAM 700,PLATA,YH-2977-A,9BD281H54PYX96881,Camioneta
AF-018-FRONTIER DC,2021,NISSAN,FRONTIER,BLANCA,XN-9162-A,3N6CD33B0MK803922,Camioneta
AF-645-HILUX CHASIS,2022,TOYOTA,HILUX CHASIS CABINA,PLATA,YH-2827-A,MR0CX8CB7N0428332,Camioneta
AF-646-HILUX DC,2022,TOYOTA,HILUX DOBLE CABINA,BLANCA,YB-9340-A,MR0DA3CD5N4003475,Camioneta
AF-033-HILUX CHASIS,2022,TOYOTA,HILUX CHASIS CABINA,PLATA,YC0135A,MR0CX8CB0N0427515,Camioneta
AF-653-HILUX CHASIS,2023,TOYOTA,HILUX CHASIS CABINA,BLANCO,XM098-B,MR0CX8CB3P0432727,Camioneta
AF-647-FORD 350 DC,2019,FORD,F350-SUPER DUTY,BLANCA,XJ7797A,1FT7W2BT0KEF08037,Camioneta
AF-654-HILUX CHASIS,2023,TOYOTA,HILUX CHASIS CABINA,PLATA,XM0945B,MR0CX8CB5P0432695,Camioneta
AF-659-HILUX DC,2024,TOYOTA,HILUX DOBLE CABINA D,PLATA,XN8479B,MR0BE3CD1R6925022,Camioneta
AF-660 RAM 700 CS,2024,RAM,RAM 700,BLANCA,XR5178B,9BD281GJ9RYF48133,Camioneta
AF-661 RAM 700 CS,2024,RAM,RAM 700,GRIS,XR4758B,9BD281GJ2RYF08315,Camioneta
AF-662 RAM 700 CS,2024,RAM,RAM 700,PLATA,XR4706B,9BD281GJ5RYF48419,Camioneta
AF-045 RAM 700 CS,2024,RAM,RAM 700,BLANCA,XS0987B,9BD281HJ0RYF91810,Camioneta
AF-046 RAM 700 CS,2024,RAM,RAM 700,BLANCO,XS0986B,9BD281HJ0RYF91953,Camioneta
AF-718 RAM 700 CS,2024,RAM,RAM 700,BLANCO,XS2308B,9BD281GJ1RYF82065,Camioneta
AF-008-HILUX CHASIS,2025,TOYOTA,HILUX CHASIS CABINA,BLANCO,XT8521B,MR0CX8CB5S0439638,Camioneta
AF-009-HILUX CHASIS,2025,TOYOTA,HILUX CHASIS CABINA,BLANCO,XT8522B,MR0CX8CB7S0439785,Camioneta
AF-738 RAM 700 CS,2025,RAM,RAM 700,BLANCO,XN9034B,9BD281GJ3S9953269,Camioneta
AF-739 RAM 700 CS,2025,RAM,RAM 700,BLANCO,XN9033B,9BD281GJ7S9955297,Camioneta
AF-737 RAM 700 DC,2025,RAM,RAM 700,BLANCO,XN9043B,9BD281HJ2S9948272,Camioneta
AF-740 FORD-350,2026,FORD,FORD-250,BLANCA,XU4476B,1FDRF3GN1TEC35213,Camioneta
AF-755-HILUX CHASIS,2026,TOYOTA,HILUX CHASIS CABINA,BLANCO,YB2134B,MR0CX8CB3T4565653,Camioneta
AF-752-HILUX CHASIS,2026,TOYOTA,HILUX CHASIS CABINA,BLANCO,XY6316B,MR0CX8CB1T4565585,Camioneta
AF-756-HILUX CHASIS,2026,TOYOTA,HILUX CHASIS CABINA,BLANCO,XY6331B,MR0CX8CB6TY4565694,Camioneta
AF-754-HILUX CHASIS,2026,TOYOTA,HILUX CHASIS CABINA,BLANCO,XY6322B,MR0CX8CB4T4565631,Camioneta
AF-002-HILUX CHASIS,2014,TOYOTA,HILUX DOBLE CABINA,BLANCO,FC-2561-A,MR0EX32G0E0262414,Camioneta
AF-003-HILUX CHASIS,2014,TOYOTA,HILUX CHASIS CABINA,BLANCA,FC-2561-A,MR0EX32G6E0263034,Camioneta
AF-020-HILUX CHASIS,2021,TOYOTA,HILUX CHASIS CABINA,BLANCA,FF-2128-A,MR0CX8CB5M0422485,Camioneta
AF-022-HILUX DC,2021,TOYOTA,HILUX DOBLE CABINA D,PLATA,FF-4518-A,MR0BA3CD1M0136070,Camioneta
AF-023-HILUX DC,2021,TOYOTA,HILUX DOBLE CABINA D,BLANCA,FF-4626-A,MR0DA3CD1M4001463,Camioneta
AF-034-HILUX CHASIS,2016,TOYOTA,HILUX CHASIS CABINA,BLANCA,FF-5094-A,MR0EX8CB8G1391305,Camioneta
AF-037-HILUX CHASIS,2022,TOYOTA,HILUX CHASIS CABINA,BLANCA,FF-5258-A,MR0CX8CB3N0425371,Camioneta
AF-038-HILUX CHASIS,2023,TOYOTA,HILUX CHASIS CABINA,BLANCA,FG-5756-A,MR0CX8CB1P0430331,Camioneta
AF-040 RAM 700 CS,2024,RAM,RAM 700,BLANCA,FH3795A,9BD281GJXRYE74883,Camioneta
AF-041-HILUX CHASIS,2024,TOYOTA,HILUX CHASIS CABINA,BLANCA,FH-3674-A,MR0CX8CB7R0433897,Camioneta
AF-042-HILUX CHASIS,2024,TOYOTA,HILUX CHASIS CABINA,BLANCA,FH-3714-A,MR0CX8CB2R0433998,Camioneta
AF-533 HONDA,2015,HONDA,FIT HIT AT,BLANCO,TGA074A,3HGGK5880FM000930,Camioneta
AF-652 AVANZA,2023,TOYOTA,AVANZA,,SH-S283-B,MHFAB1BY0P3047825,Camioneta
AF-687 MAZDA,2024,MAZDA,MAZDA 3 SEDAN,GRIS TITANIO,XYR774C,3MZBPCDL1RM436440,Camioneta
AF-723 JEEP,2025,JEEP,GRAND CHEROKEE,PLATA METALICO,YBJ606C,1C4RJGAG5SC306914,Camioneta
AF-733 TACOMA,2025,TOYOTA,TACOMA,GRIS,RH0852B,3TYLC5LN7ST021117,Camioneta
AF-753 HILUX CHASIS,2026,TOYOTA,HILUX CHASIS CABINA,BLANCO,XY5839B,MR0CX8CBXT4565651,Camioneta
AF-757 HILUX CHASIS,2026,TOYOTA,HILUX CHASIS CABINA,BLANCO,YB2133B,MR0CX8CB8T4565566,Camioneta
AF-769-HILUX ADV,2026,TOYOTA,HILUX HIBRIDO,BLANCO,YC9363B,MR0BE3CD8T6951804,Camioneta
AF-770-HILUX ADV,2026,TOYOTA,HILUX HIBRIDO,BLANCO,YC9364B,MR0BE3CD6T6951932,Camioneta
AF-16 HILUX CHASIS,2026,TOYOTA,HILUX CHASIS CABINA,BLANCO,,MIR0CX8CB8T4569116,Camioneta
AF-047 FREIGHTLINER,2012,FREIGHTLINER,CHASIS-CABINA,,9029200079,,Torton
